{"scaler": {"center": 0.017999999999975, "scale": 0.013000000000000001}, "model": {"target_col": "pm1_concentration", "lower_bound": -2.2615384615365386, "upper_bound": 2.3384615384634615}}